Country,Year,Education,CFR
Angola,1955,No Education,7.00000
Angola,1960,No Education,6.80000
Angola,1965,No Education,6.70000
Angola,1970,No Education,6.70000
Angola,1975,No Education,6.60000
Angola,1980,No Education,6.41634
Angola,1985,No Education,6.08390
Angola,1955,Secondary Education,5.25000
Angola,1960,Secondary Education,4.75000
Angola,1965,Secondary Education,4.65000
Angola,1970,Secondary Education,4.50000
Angola,1975,Secondary Education,4.45000
Angola,1980,Secondary Education,4.38172
Angola,1985,Secondary Education,4.36612
Angola,1955,Higher Education,4.05000
Angola,1960,Higher Education,3.75000
Angola,1965,Higher Education,3.75000
Angola,1970,Higher Education,3.65000
Angola,1975,Higher Education,3.70000
Angola,1980,Higher Education,3.54706
Angola,1985,Higher Education,3.60655
Benin,1955,No Education,6.85000
Benin,1960,No Education,6.55000
Benin,1965,No Education,6.20000
Benin,1970,No Education,5.80000
Benin,1975,No Education,5.70000
Benin,1980,No Education,5.69224
Benin,1985,No Education,5.61351
Benin,1955,Secondary Education,4.60000
Benin,1960,Secondary Education,4.20000
Benin,1965,Secondary Education,4.00000
Benin,1970,Secondary Education,3.75000
Benin,1975,Secondary Education,3.75000
Benin,1980,Secondary Education,3.60501
Benin,1985,Secondary Education,3.60485
Benin,1955,Higher Education,3.55000
Benin,1960,Higher Education,3.40000
Benin,1965,Higher Education,3.20000
Benin,1970,Higher Education,3.10000
Benin,1975,Higher Education,3.10000
Benin,1980,Higher Education,2.92650
Benin,1985,Higher Education,2.84381
Burkina Faso,1955,No Education,6.95000
Burkina Faso,1960,No Education,6.70000
Burkina Faso,1965,No Education,6.55000
Burkina Faso,1970,No Education,6.30000
Burkina Faso,1975,No Education,6.05000
Burkina Faso,1980,No Education,5.76153
Burkina Faso,1985,No Education,5.50819
Burkina Faso,1955,Secondary Education,4.95000
Burkina Faso,1960,Secondary Education,4.40000
Burkina Faso,1965,Secondary Education,4.20000
Burkina Faso,1970,Secondary Education,4.05000
Burkina Faso,1975,Secondary Education,3.90000
Burkina Faso,1980,Secondary Education,3.72460
Burkina Faso,1985,Secondary Education,3.65502
Burkina Faso,1955,Higher Education,3.95000
Burkina Faso,1960,Higher Education,3.60000
Burkina Faso,1965,Higher Education,3.45000
Burkina Faso,1970,Higher Education,3.10000
Burkina Faso,1975,Higher Education,3.10000
Burkina Faso,1980,Higher Education,2.95801
Burkina Faso,1985,Higher Education,2.97074
Burundi,1955,No Education,7.15000
Burundi,1960,No Education,7.20000
Burundi,1965,No Education,6.95000
Burundi,1970,No Education,6.70000
Burundi,1975,No Education,6.40000
Burundi,1980,No Education,6.28363
Burundi,1985,No Education,5.72912
Burundi,1955,Secondary Education,5.25000
Burundi,1960,Secondary Education,4.80000
Burundi,1965,Secondary Education,4.80000
Burundi,1970,Secondary Education,4.65000
Burundi,1975,Secondary Education,4.60000
Burundi,1980,Secondary Education,4.41050
Burundi,1985,Secondary Education,4.29073
Burundi,1955,Higher Education,4.20000
Burundi,1960,Higher Education,4.05000
Burundi,1965,Higher Education,3.95000
Burundi,1970,Higher Education,3.85000
Burundi,1975,Higher Education,3.75000
Burundi,1980,Higher Education,3.38630
Cameroon,1955,No Education,6.95000
Cameroon,1960,No Education,6.70000
Cameroon,1965,No Education,6.50000
Cameroon,1970,No Education,6.35000
Cameroon,1975,No Education,6.05000
Cameroon,1980,No Education,6.00844
Cameroon,1985,No Education,5.73872
Cameroon,1955,Secondary Education,4.55000
Cameroon,1960,Secondary Education,4.45000
Cameroon,1965,Secondary Education,4.35000
Cameroon,1970,Secondary Education,4.25000
Cameroon,1975,Secondary Education,4.20000
Cameroon,1980,Secondary Education,4.29191
Cameroon,1985,Secondary Education,4.16915
Cameroon,1955,Higher Education,3.70000
Cameroon,1960,Higher Education,3.50000
Cameroon,1965,Higher Education,3.45000
Cameroon,1970,Higher Education,3.35000
Cameroon,1975,Higher Education,3.25000
Cameroon,1980,Higher Education,3.22586
Cameroon,1985,Higher Education,3.23519
Central African Republic,1955,No Education,6.00000
Central African Republic,1960,No Education,6.00000
Central African Republic,1965,No Education,6.15000
Central African Republic,1970,No Education,6.30000
Central African Republic,1975,No Education,6.20000
Central African Republic,1980,No Education,5.94130
Central African Republic,1985,No Education,5.79319
Central African Republic,1955,Secondary Education,4.50000
Central African Republic,1960,Secondary Education,4.50000
Central African Republic,1965,Secondary Education,4.50000
Central African Republic,1970,Secondary Education,4.50000
Central African Republic,1975,Secondary Education,4.60000
Central African Republic,1980,Secondary Education,4.49661
Central African Republic,1985,Secondary Education,4.06851
Central African Republic,1955,Higher Education,3.55000
Central African Republic,1960,Higher Education,3.45000
Central African Republic,1965,Higher Education,3.40000
Central African Republic,1970,Higher Education,3.50000
Central African Republic,1975,Higher Education,3.45000
Central African Republic,1980,Higher Education,3.21323
Central African Republic,1985,Higher Education,2.92831
Chad,1955,No Education,6.80000
Chad,1960,No Education,7.15000
Chad,1965,No Education,7.50000
Chad,1970,No Education,7.50000
Chad,1975,No Education,7.10000
Chad,1980,No Education,6.92841
Chad,1985,No Education,6.94053
Chad,1955,Secondary Education,5.20000
Chad,1960,Secondary Education,5.10000
Chad,1965,Secondary Education,5.15000
Chad,1970,Secondary Education,5.20000
Chad,1975,Secondary Education,5.25000
Chad,1980,Secondary Education,5.04845
Chad,1985,Secondary Education,4.92636
Chad,1955,Higher Education,4.05000
Chad,1960,Higher Education,3.90000
Chad,1965,Higher Education,3.90000
Chad,1970,Higher Education,4.05000
Chad,1975,Higher Education,4.10000
Chad,1980,Higher Education,3.83002
Chad,1985,Higher Education,3.58004
Comoros,1955,No Education,6.85000
Comoros,1960,No Education,6.60000
Comoros,1965,No Education,6.05000
Comoros,1970,No Education,5.60000
Comoros,1975,No Education,5.40000
Comoros,1980,No Education,5.43065
Comoros,1985,No Education,5.48672
Comoros,1955,Secondary Education,4.35000
Comoros,1960,Secondary Education,4.15000
Comoros,1965,Secondary Education,4.00000
Comoros,1970,Secondary Education,3.75000
Comoros,1975,Secondary Education,3.65000
Comoros,1980,Secondary Education,3.54600
Comoros,1985,Secondary Education,4.06620
Comoros,1955,Higher Education,3.55000
Comoros,1960,Higher Education,3.30000
Comoros,1965,Higher Education,3.15000
Comoros,1970,Higher Education,3.05000
Comoros,1975,Higher Education,2.95000
Comoros,1980,Higher Education,2.93511
Comoros,1985,Higher Education,3.36942
Congo,1955,No Education,6.30000
Congo,1960,No Education,6.20000
Congo,1965,No Education,6.15000
Congo,1970,No Education,5.85000
Congo,1975,No Education,5.70000
Congo,1980,No Education,5.59032
Congo,1985,No Education,5.66281
Congo,1955,Secondary Education,4.45000
Congo,1960,Secondary Education,4.20000
Congo,1965,Secondary Education,4.00000
Congo,1970,Secondary Education,3.95000
Congo,1975,Secondary Education,3.75000
Congo,1980,Secondary Education,3.75000
Congo,1985,Secondary Education,3.75484
Congo,1955,Higher Education,3.55000
Congo,1960,Higher Education,3.30000
Congo,1965,Higher Education,3.35000
Congo,1970,Higher Education,3.15000
Congo,1975,Higher Education,3.10000
Congo,1980,Higher Education,2.91997
Congo,1985,Higher Education,2.83506
Egypt,1955,No Education,5.35000
Egypt,1960,No Education,4.90000
Egypt,1965,No Education,4.60000
Egypt,1970,No Education,4.35000
Egypt,1975,No Education,4.20000
Egypt,1980,No Education,4.03806
Egypt,1985,No Education,3.96010
Egypt,1955,Secondary Education,4.05000
Egypt,1960,Secondary Education,3.70000
Egypt,1965,Secondary Education,3.35000
Egypt,1970,Secondary Education,3.10000
Egypt,1975,Secondary Education,2.85000
Egypt,1980,Secondary Education,2.84389
Egypt,1985,Secondary Education,2.90624
Egypt,1955,Higher Education,3.20000
Egypt,1960,Higher Education,2.95000
Egypt,1965,Higher Education,2.70000
Egypt,1970,Higher Education,2.60000
Egypt,1975,Higher Education,2.35000
Egypt,1980,Higher Education,2.30753
Egypt,1985,Higher Education,2.28740
Ethiopia,1955,No Education,6.75000
Ethiopia,1960,No Education,6.75000
Ethiopia,1965,No Education,6.65000
Ethiopia,1970,No Education,6.35000
Ethiopia,1975,No Education,6.00000
Ethiopia,1980,No Education,5.32549
Ethiopia,1985,No Education,4.55922
Ethiopia,1955,Secondary Education,4.25000
Ethiopia,1960,Secondary Education,3.95000
Ethiopia,1965,Secondary Education,3.80000
Ethiopia,1970,Secondary Education,3.75000
Ethiopia,1975,Secondary Education,3.60000
Ethiopia,1980,Secondary Education,3.46596
Ethiopia,1985,Secondary Education,3.37481
Ethiopia,1955,Higher Education,3.35000
Ethiopia,1960,Higher Education,3.00000
Ethiopia,1965,Higher Education,2.95000
Ethiopia,1970,Higher Education,2.85000
Ethiopia,1975,Higher Education,2.75000
Ethiopia,1980,Higher Education,2.62967
Ethiopia,1985,Higher Education,2.48844
Gabon,1955,No Education,6.75000
Gabon,1960,No Education,6.30000
Gabon,1965,No Education,5.90000
Gabon,1970,No Education,5.45000
Gabon,1975,No Education,5.40000
Gabon,1980,No Education,5.23230
Gabon,1985,No Education,5.42543
Gabon,1955,Secondary Education,4.45000
Gabon,1960,Secondary Education,4.20000
Gabon,1965,Secondary Education,3.95000
Gabon,1970,Secondary Education,3.80000
Gabon,1975,Secondary Education,3.60000
Gabon,1980,Secondary Education,3.43461
Gabon,1985,Secondary Education,3.34019
Gabon,1955,Higher Education,3.60000
Gabon,1960,Higher Education,3.25000
Gabon,1965,Higher Education,3.05000
Gabon,1970,Higher Education,3.00000
Gabon,1975,Higher Education,2.85000
Gabon,1980,Higher Education,2.86413
Gabon,1985,Higher Education,3.00355
Gambia,1955,No Education,6.50000
Gambia,1960,No Education,6.45000
Gambia,1965,No Education,6.30000
Gambia,1970,No Education,6.10000
Gambia,1975,No Education,6.05000
Gambia,1980,No Education,6.02824
Gambia,1985,No Education,5.81850
Gambia,1955,Secondary Education,5.75000
Gambia,1960,Secondary Education,5.30000
Gambia,1965,Secondary Education,4.75000
Gambia,1970,Secondary Education,4.40000
Gambia,1975,Secondary Education,4.20000
Gambia,1980,Secondary Education,4.17146
Gambia,1985,Secondary Education,4.01748
Gambia,1955,Higher Education,4.65000
Gambia,1960,Higher Education,4.05000
Gambia,1965,Higher Education,3.75000
Gambia,1970,Higher Education,3.50000
Gambia,1975,Higher Education,3.35000
Gambia,1980,Higher Education,3.39346
Gambia,1985,Higher Education,3.30768
Ghana,1955,No Education,6.60000
Ghana,1960,No Education,6.30000
Ghana,1965,No Education,5.85000
Ghana,1970,No Education,5.45000
Ghana,1975,No Education,5.20000
Ghana,1980,No Education,5.07723
Ghana,1985,No Education,4.96766
Ghana,1955,Secondary Education,4.50000
Ghana,1960,Secondary Education,4.15000
Ghana,1965,Secondary Education,3.95000
Ghana,1970,Secondary Education,3.65000
Ghana,1975,Secondary Education,3.45000
Ghana,1980,Secondary Education,3.33896
Ghana,1985,Secondary Education,3.22501
Ghana,1955,Higher Education,3.55000
Ghana,1960,Higher Education,3.35000
Ghana,1965,Higher Education,3.15000
Ghana,1970,Higher Education,3.05000
Ghana,1975,Higher Education,3.00000
Ghana,1980,Higher Education,2.85519
Ghana,1985,Higher Education,2.77409
Guinea,1955,No Education,6.25000
Guinea,1960,No Education,6.25000
Guinea,1965,No Education,6.15000
Guinea,1970,No Education,5.85000
Guinea,1975,No Education,5.50000
Guinea,1980,No Education,5.39328
Guinea,1985,No Education,5.13505
Guinea,1955,Secondary Education,4.90000
Guinea,1960,Secondary Education,4.60000
Guinea,1965,Secondary Education,4.40000
Guinea,1970,Secondary Education,4.10000
Guinea,1975,Secondary Education,4.00000
Guinea,1980,Secondary Education,3.75230
Guinea,1985,Secondary Education,3.69332
Guinea,1955,Higher Education,4.05000
Guinea,1960,Higher Education,3.65000
Guinea,1965,Higher Education,3.55000
Guinea,1970,Higher Education,3.15000
Guinea,1975,Higher Education,3.05000
Guinea,1980,Higher Education,2.94229
Guinea,1985,Higher Education,2.91916
Kenya,1955,No Education,7.15000
Kenya,1960,No Education,7.00000
Kenya,1965,No Education,6.75000
Kenya,1970,No Education,6.25000
Kenya,1975,No Education,5.90000
Kenya,1980,No Education,5.51293
Kenya,1985,No Education,5.36546
Kenya,1955,Secondary Education,5.00000
Kenya,1960,Secondary Education,4.65000
Kenya,1965,Secondary Education,4.40000
Kenya,1970,Secondary Education,4.05000
Kenya,1975,Secondary Education,3.80000
Kenya,1980,Secondary Education,3.51035
Kenya,1985,Secondary Education,3.27606
Kenya,1955,Higher Education,4.00000
Kenya,1960,Higher Education,3.70000
Kenya,1965,Higher Education,3.50000
Kenya,1970,Higher Education,3.25000
Kenya,1975,Higher Education,3.20000
Kenya,1980,Higher Education,2.97690
Kenya,1985,Higher Education,2.80582
Lesotho,1955,No Education,5.65000
Lesotho,1960,No Education,5.50000
Lesotho,1965,No Education,5.35000
Lesotho,1970,No Education,4.85000
Lesotho,1975,No Education,4.50000
Lesotho,1980,No Education,3.90595
Lesotho,1985,No Education,3.54252
Lesotho,1955,Secondary Education,4.00000
Lesotho,1960,Secondary Education,3.80000
Lesotho,1965,Secondary Education,3.50000
Lesotho,1970,Secondary Education,3.20000
Lesotho,1975,Secondary Education,2.85000
Lesotho,1980,Secondary Education,2.61742
Lesotho,1985,Secondary Education,2.60125
Lesotho,1955,Higher Education,3.05000
Lesotho,1960,Higher Education,2.90000
Lesotho,1965,Higher Education,2.80000
Lesotho,1970,Higher Education,2.45000
Lesotho,1975,Higher Education,2.40000
Lesotho,1980,Higher Education,2.01130
Lesotho,1985,Higher Education,1.81331
Liberia,1955,No Education,6.45000
Liberia,1960,No Education,6.35000
Liberia,1965,No Education,6.20000
Liberia,1970,No Education,5.80000
Liberia,1975,No Education,5.45000
Liberia,1980,No Education,5.18680
Liberia,1985,No Education,4.46910
Liberia,1955,Secondary Education,4.80000
Liberia,1960,Secondary Education,4.65000
Liberia,1965,Secondary Education,4.45000
Liberia,1970,Secondary Education,4.35000
Liberia,1975,Secondary Education,4.05000
Liberia,1980,Secondary Education,3.82742
Liberia,1985,Secondary Education,3.52360
Liberia,1955,Higher Education,3.85000
Liberia,1960,Higher Education,3.70000
Liberia,1965,Higher Education,3.60000
Liberia,1970,Higher Education,3.35000
Liberia,1975,Higher Education,3.20000
Liberia,1980,Higher Education,2.95641
Liberia,1985,Higher Education,2.68410
Madagascar,1955,No Education,7.00000
Madagascar,1960,No Education,6.35000
Madagascar,1965,No Education,6.30000
Madagascar,1970,No Education,5.95000
Madagascar,1975,No Education,5.80000
Madagascar,1980,No Education,5.31903
Madagascar,1985,No Education,4.73776
Madagascar,1955,Secondary Education,4.55000
Madagascar,1960,Secondary Education,4.20000
Madagascar,1965,Secondary Education,4.20000
Madagascar,1970,Secondary Education,4.10000
Madagascar,1975,Secondary Education,4.00000
Madagascar,1980,Secondary Education,3.68545
Madagascar,1985,Secondary Education,3.14256
Madagascar,1955,Higher Education,3.55000
Madagascar,1960,Higher Education,3.45000
Madagascar,1965,Higher Education,3.30000
Madagascar,1970,Higher Education,3.20000
Madagascar,1975,Higher Education,3.05000
Madagascar,1980,Higher Education,2.88043
Madagascar,1985,Higher Education,2.56364
Malawi,1955,No Education,7.00000
Malawi,1960,No Education,6.70000
Malawi,1965,No Education,6.50000
Malawi,1970,No Education,6.35000
Malawi,1975,No Education,5.95000
Malawi,1980,No Education,5.53763
Malawi,1985,No Education,5.23475
Malawi,1955,Secondary Education,5.10000
Malawi,1960,Secondary Education,4.65000
Malawi,1965,Secondary Education,4.40000
Malawi,1970,Secondary Education,4.25000
Malawi,1975,Secondary Education,4.10000
Malawi,1980,Secondary Education,3.72320
Malawi,1985,Secondary Education,3.62174
Malawi,1955,Higher Education,4.15000
Malawi,1960,Higher Education,3.85000
Malawi,1965,Higher Education,3.60000
Malawi,1970,Higher Education,3.35000
Malawi,1975,Higher Education,3.20000
Malawi,1980,Higher Education,3.04923
Malawi,1985,Higher Education,2.91549
Mali,1955,No Education,7.20000
Mali,1960,No Education,7.05000
Mali,1965,No Education,6.90000
Mali,1970,No Education,6.70000
Mali,1975,No Education,6.50000
Mali,1980,No Education,6.44341
Mali,1985,No Education,6.47840
Mali,1955,Secondary Education,5.20000
Mali,1960,Secondary Education,4.80000
Mali,1965,Secondary Education,4.70000
Mali,1970,Secondary Education,4.45000
Mali,1975,Secondary Education,4.40000
Mali,1980,Secondary Education,4.34322
Mali,1985,Secondary Education,4.48772
Mali,1955,Higher Education,4.10000
Mali,1960,Higher Education,3.85000
Mali,1965,Higher Education,3.65000
Mali,1970,Higher Education,3.45000
Mali,1975,Higher Education,3.50000
Mali,1980,Higher Education,3.46359
Mali,1985,Higher Education,3.61377
Morocco,1955,No Education,5.05000
Morocco,1960,No Education,4.35000
Morocco,1965,No Education,3.55000
Morocco,1970,No Education,3.05000
Morocco,1975,No Education,2.80000
Morocco,1980,No Education,2.63859
Morocco,1985,No Education,2.47119
Morocco,1955,Secondary Education,3.25000
Morocco,1960,Secondary Education,2.80000
Morocco,1965,Secondary Education,2.65000
Morocco,1970,Secondary Education,2.60000
Morocco,1975,Secondary Education,2.45000
Morocco,1980,Secondary Education,2.37786
Morocco,1985,Secondary Education,2.37086
Morocco,1955,Higher Education,2.60000
Morocco,1960,Higher Education,2.30000
Morocco,1965,Higher Education,2.20000
Morocco,1970,Higher Education,2.15000
Morocco,1975,Higher Education,2.20000
Morocco,1980,Higher Education,2.23466
Morocco,1985,Higher Education,2.21868
Mozambique,1955,No Education,6.10000
Mozambique,1960,No Education,6.05000
Mozambique,1965,No Education,5.75000
Mozambique,1970,No Education,5.70000
Mozambique,1975,No Education,5.55000
Mozambique,1980,No Education,5.50495
Mozambique,1985,No Education,5.47145
Mozambique,1955,Secondary Education,4.45000
Mozambique,1960,Secondary Education,4.25000
Mozambique,1965,Secondary Education,3.90000
Mozambique,1970,Secondary Education,3.75000
Mozambique,1975,Secondary Education,3.55000
Mozambique,1980,Secondary Education,3.40420
Mozambique,1985,Secondary Education,3.32152
Mozambique,1955,Higher Education,3.45000
Mozambique,1960,Higher Education,3.30000
Mozambique,1965,Higher Education,3.10000
Mozambique,1970,Higher Education,2.95000
Mozambique,1975,Higher Education,2.90000
Mozambique,1980,Higher Education,2.81235
Mozambique,1985,Higher Education,2.64630
Namibia,1955,No Education,6.10000
Namibia,1960,No Education,5.60000
Namibia,1965,No Education,5.40000
Namibia,1970,No Education,5.10000
Namibia,1975,No Education,5.05000
Namibia,1980,No Education,4.84557
Namibia,1985,No Education,4.71350
Namibia,1955,Secondary Education,4.05000
Namibia,1960,Secondary Education,3.85000
Namibia,1965,Secondary Education,3.55000
Namibia,1970,Secondary Education,3.25000
Namibia,1975,Secondary Education,3.10000
Namibia,1980,Secondary Education,3.08008
Namibia,1985,Secondary Education,3.04440
Namibia,1955,Higher Education,3.30000
Namibia,1960,Higher Education,2.95000
Namibia,1965,Higher Education,2.80000
Namibia,1970,Higher Education,2.70000
Namibia,1975,Higher Education,2.65000
Namibia,1980,Higher Education,2.48294
Namibia,1985,Higher Education,2.49551
Niger,1955,No Education,7.40000
Niger,1960,No Education,7.60000
Niger,1965,No Education,7.70000
Niger,1970,No Education,7.55000
Niger,1975,No Education,7.35000
Niger,1980,No Education,7.29277
Niger,1985,No Education,7.32867
Niger,1955,Secondary Education,5.50000
Niger,1960,Secondary Education,5.15000
Niger,1965,Secondary Education,5.00000
Niger,1970,Secondary Education,5.00000
Niger,1975,Secondary Education,4.95000
Niger,1980,Secondary Education,4.54318
Niger,1985,Secondary Education,4.33055
Niger,1955,Higher Education,4.40000
Niger,1960,Higher Education,4.15000
Niger,1965,Higher Education,4.05000
Niger,1970,Higher Education,3.85000
Niger,1975,Higher Education,3.70000
Niger,1980,Higher Education,3.36941
Niger,1985,Higher Education,2.77378
Nigeria,1955,No Education,6.45000
Nigeria,1960,No Education,6.75000
Nigeria,1965,No Education,6.65000
Nigeria,1970,No Education,6.65000
Nigeria,1975,No Education,6.50000
Nigeria,1980,No Education,6.51096
Nigeria,1985,No Education,6.54107
Nigeria,1955,Secondary Education,5.20000
Nigeria,1960,Secondary Education,5.00000
Nigeria,1965,Secondary Education,4.80000
Nigeria,1970,Secondary Education,4.60000
Nigeria,1975,Secondary Education,4.65000
Nigeria,1980,Secondary Education,4.43930
Nigeria,1985,Secondary Education,4.47630
Nigeria,1955,Higher Education,4.20000
Nigeria,1960,Higher Education,3.85000
Nigeria,1965,Higher Education,3.65000
Nigeria,1970,Higher Education,3.65000
Nigeria,1975,Higher Education,3.60000
Nigeria,1980,Higher Education,3.46270
Nigeria,1985,Higher Education,3.54286
Rwanda,1955,No Education,7.40000
Rwanda,1960,No Education,6.85000
Rwanda,1965,No Education,6.50000
Rwanda,1970,No Education,6.15000
Rwanda,1975,No Education,5.85000
Rwanda,1980,No Education,5.28423
Rwanda,1985,No Education,4.76156
Rwanda,1955,Secondary Education,5.20000
Rwanda,1960,Secondary Education,4.80000
Rwanda,1965,Secondary Education,4.60000
Rwanda,1970,Secondary Education,4.35000
Rwanda,1975,Secondary Education,4.20000
Rwanda,1980,Secondary Education,3.67130
Rwanda,1985,Secondary Education,3.00916
Rwanda,1955,Higher Education,4.15000
Rwanda,1960,Higher Education,4.00000
Rwanda,1965,Higher Education,3.85000
Rwanda,1970,Higher Education,3.55000
Rwanda,1975,Higher Education,3.30000
Rwanda,1980,Higher Education,2.94576
Rwanda,1985,Higher Education,2.48260
Sao Tome and Principe,1955,No Education,7.35000
Sao Tome and Principe,1960,No Education,7.30000
Sao Tome and Principe,1965,No Education,7.20000
Sao Tome and Principe,1970,No Education,6.35000
Sao Tome and Principe,1975,No Education,5.60000
Sao Tome and Principe,1980,No Education,4.94047
Sao Tome and Principe,1985,No Education,4.34022
Sao Tome and Principe,1955,Secondary Education,4.65000
Sao Tome and Principe,1960,Secondary Education,5.10000
Sao Tome and Principe,1965,Secondary Education,4.90000
Sao Tome and Principe,1970,Secondary Education,4.30000
Sao Tome and Principe,1975,Secondary Education,3.75000
Sao Tome and Principe,1980,Secondary Education,3.49694
Sao Tome and Principe,1985,Secondary Education,3.01765
Sao Tome and Principe,1955,Higher Education,3.90000
Sao Tome and Principe,1960,Higher Education,3.65000
Sao Tome and Principe,1965,Higher Education,3.70000
Sao Tome and Principe,1970,Higher Education,3.45000
Sao Tome and Principe,1975,Higher Education,2.95000
Sao Tome and Principe,1980,Higher Education,2.62550
Sao Tome and Principe,1985,Higher Education,2.32696
Senegal,1955,No Education,7.05000
Senegal,1960,No Education,6.65000
Senegal,1965,No Education,6.25000
Senegal,1970,No Education,5.85000
Senegal,1975,No Education,5.50000
Senegal,1980,No Education,5.31268
Senegal,1985,No Education,5.29852
Senegal,1955,Secondary Education,4.55000
Senegal,1960,Secondary Education,4.15000
Senegal,1965,Secondary Education,3.90000
Senegal,1970,Secondary Education,3.75000
Senegal,1975,Secondary Education,3.60000
Senegal,1980,Secondary Education,3.55943
Senegal,1985,Secondary Education,3.62894
Senegal,1955,Higher Education,3.65000
Senegal,1960,Higher Education,3.25000
Senegal,1965,Higher Education,3.00000
Senegal,1970,Higher Education,3.00000
Senegal,1975,Higher Education,2.80000
Senegal,1980,Higher Education,2.92096
Senegal,1985,Higher Education,2.93913
Sierra Leone,1955,No Education,6.80000
Sierra Leone,1960,No Education,6.65000
Sierra Leone,1965,No Education,6.40000
Sierra Leone,1970,No Education,6.05000
Sierra Leone,1975,No Education,5.60000
Sierra Leone,1980,No Education,5.27334
Sierra Leone,1985,No Education,5.05744
Sierra Leone,1955,Secondary Education,4.95000
Sierra Leone,1960,Secondary Education,4.50000
Sierra Leone,1965,Secondary Education,4.30000
Sierra Leone,1970,Secondary Education,4.00000
Sierra Leone,1975,Secondary Education,3.90000
Sierra Leone,1980,Secondary Education,3.56680
Sierra Leone,1985,Secondary Education,3.33800
Sierra Leone,1955,Higher Education,3.90000
Sierra Leone,1960,Higher Education,3.55000
Sierra Leone,1965,Higher Education,3.30000
Sierra Leone,1970,Higher Education,3.15000
Sierra Leone,1975,Higher Education,3.05000
Sierra Leone,1980,Higher Education,2.99075
Sierra Leone,1985,Higher Education,2.95093
South Africa,1955,No Education,4.90000
South Africa,1960,No Education,4.65000
South Africa,1965,No Education,4.40000
South Africa,1970,No Education,4.10000
South Africa,1975,No Education,3.90000
South Africa,1980,No Education,3.69600
South Africa,1985,No Education,3.57550
South Africa,1955,Secondary Education,3.25000
South Africa,1960,Secondary Education,3.15000
South Africa,1965,Secondary Education,2.75000
South Africa,1970,Secondary Education,2.45000
South Africa,1975,Secondary Education,2.25000
South Africa,1980,Secondary Education,2.17546
South Africa,1985,Secondary Education,2.15740
South Africa,1955,Higher Education,2.60000
South Africa,1960,Higher Education,2.45000
South Africa,1965,Higher Education,2.25000
South Africa,1970,Higher Education,2.15000
South Africa,1975,Higher Education,2.10000
South Africa,1980,Higher Education,1.95000
South Africa,1985,Higher Education,1.93364
Sudan,1955,No Education,6.75000
Sudan,1960,No Education,6.10000
Sudan,1965,No Education,5.60000
Sudan,1970,No Education,5.00000
Sudan,1975,No Education,4.65000
Sudan,1980,No Education,4.87484
Sudan,1985,No Education,5.31206
Sudan,1955,Secondary Education,5.00000
Sudan,1960,Secondary Education,5.00000
Sudan,1965,Secondary Education,5.15000
Sudan,1970,Secondary Education,5.15000
Sudan,1975,Secondary Education,4.90000
Sudan,1980,Secondary Education,4.28755
Sudan,1985,Secondary Education,4.30358
Sudan,1955,Higher Education,4.10000
Sudan,1960,Higher Education,4.20000
Sudan,1965,Higher Education,4.45000
Sudan,1970,Higher Education,4.45000
Sudan,1975,Higher Education,4.15000
Sudan,1980,Higher Education,3.64307
Sudan,1985,Higher Education,3.88283
Togo,1955,No Education,6.15000
Togo,1960,No Education,5.95000
Togo,1965,No Education,5.75000
Togo,1970,No Education,5.55000
Togo,1975,No Education,5.20000
Togo,1980,No Education,5.08222
Togo,1985,No Education,5.03835
Togo,1955,Secondary Education,4.65000
Togo,1960,Secondary Education,4.15000
Togo,1965,Secondary Education,3.95000
Togo,1970,Secondary Education,3.75000
Togo,1975,Secondary Education,3.65000
Togo,1980,Secondary Education,3.66698
Togo,1985,Secondary Education,3.65444
Togo,1955,Higher Education,3.75000
Togo,1960,Higher Education,3.25000
Togo,1965,Higher Education,3.10000
Togo,1970,Higher Education,3.00000
Togo,1975,Higher Education,3.00000
Togo,1980,Higher Education,2.91020
Togo,1985,Higher Education,2.90588
Tunisia,1955,No Education,4.45000
Tunisia,1960,No Education,3.75000
Tunisia,1965,No Education,3.45000
Tunisia,1970,No Education,3.00000
Tunisia,1975,No Education,3.55000
Tunisia,1980,No Education,4.03822
Tunisia,1985,No Education,4.20484
Tunisia,1955,Secondary Education,3.70000
Tunisia,1960,Secondary Education,3.25000
Tunisia,1965,Secondary Education,2.80000
Tunisia,1970,Secondary Education,2.15000
Tunisia,1975,Secondary Education,2.05000
Tunisia,1980,Secondary Education,1.68710
Tunisia,1985,Secondary Education,1.66204
Tunisia,1955,Higher Education,2.95000
Tunisia,1960,Higher Education,2.65000
Tunisia,1965,Higher Education,2.45000
Tunisia,1970,Higher Education,2.35000
Tunisia,1975,Higher Education,2.35000
Tunisia,1980,Higher Education,2.25550
Tunisia,1985,Higher Education,2.33635
Uganda,1955,No Education,7.35000
Uganda,1960,No Education,7.45000
Uganda,1965,No Education,7.45000
Uganda,1970,No Education,7.25000
Uganda,1975,No Education,7.15000
Uganda,1980,No Education,6.81352
Uganda,1985,No Education,6.80033
Uganda,1955,Secondary Education,5.90000
Uganda,1960,Secondary Education,5.50000
Uganda,1965,Secondary Education,5.40000
Uganda,1970,Secondary Education,5.10000
Uganda,1975,Secondary Education,4.95000
Uganda,1980,Secondary Education,4.60210
Uganda,1985,Secondary Education,4.36986
Uganda,1955,Higher Education,4.60000
Uganda,1960,Higher Education,4.30000
Uganda,1965,Higher Education,4.15000
Uganda,1970,Higher Education,3.95000
Uganda,1975,Higher Education,3.90000
Uganda,1980,Higher Education,3.63974
Uganda,1985,Higher Education,3.52157
Zambia,1955,No Education,7.60000
Zambia,1960,No Education,7.25000
Zambia,1965,No Education,7.05000
Zambia,1970,No Education,6.85000
Zambia,1975,No Education,6.65000
Zambia,1980,No Education,6.49051
Zambia,1985,No Education,6.48922
Zambia,1955,Secondary Education,5.25000
Zambia,1960,Secondary Education,4.85000
Zambia,1965,Secondary Education,4.75000
Zambia,1970,Secondary Education,4.50000
Zambia,1975,Secondary Education,4.45000
Zambia,1980,Secondary Education,4.25264
Zambia,1985,Secondary Education,4.24077
Zambia,1955,Higher Education,4.25000
Zambia,1960,Higher Education,3.85000
Zambia,1965,Higher Education,3.70000
Zambia,1970,Higher Education,3.55000
Zambia,1975,Higher Education,3.50000
Zambia,1980,Higher Education,3.29987
Zambia,1985,Higher Education,3.31420
Zimbabwe,1955,No Education,6.75000
Zimbabwe,1960,No Education,6.35000
Zimbabwe,1965,No Education,5.95000
Zimbabwe,1970,No Education,5.50000
Zimbabwe,1975,No Education,5.20000
Zimbabwe,1980,No Education,5.11674
Zimbabwe,1985,No Education,4.93982
Zimbabwe,1955,Secondary Education,4.45000
Zimbabwe,1960,Secondary Education,4.05000
Zimbabwe,1965,Secondary Education,3.65000
Zimbabwe,1970,Secondary Education,3.35000
Zimbabwe,1975,Secondary Education,3.25000
Zimbabwe,1980,Secondary Education,3.31588
Zimbabwe,1985,Secondary Education,3.47428
Zimbabwe,1955,Higher Education,3.60000
Zimbabwe,1960,Higher Education,3.30000
Zimbabwe,1965,Higher Education,3.00000
Zimbabwe,1970,Higher Education,2.75000
Zimbabwe,1975,Higher Education,2.70000
Zimbabwe,1980,Higher Education,2.54731
Zimbabwe,1985,Higher Education,2.71551
Angola,1955,UN,6.81552
Angola,1960,UN,6.65549
Angola,1965,UN,6.51269
Angola,1970,UN,6.40128
Angola,1975,UN,6.26556
Angola,1980,UN,6.00173
Angola,1985,UN,5.61603
Angola,1990,UN,5.30174
Angola,1995,UN,4.93392
Angola,2000,UN,4.56248
Benin,1955,UN,6.65065
Benin,1960,UN,6.30351
Benin,1965,UN,5.85490
Benin,1970,UN,5.58510
Benin,1975,UN,5.49058
Benin,1980,UN,5.32703
Benin,1985,UN,5.15695
Benin,1990,UN,4.89532
Benin,1995,UN,4.60254
Benin,2000,UN,4.34004
Burkina Faso,1955,UN,6.81784
Burkina Faso,1960,UN,6.58203
Burkina Faso,1965,UN,6.39525
Burkina Faso,1970,UN,6.19646
Burkina Faso,1975,UN,5.87658
Burkina Faso,1980,UN,5.57267
Burkina Faso,1985,UN,5.20707
Burkina Faso,1990,UN,4.82953
Burkina Faso,1995,UN,4.40923
Burkina Faso,2000,UN,3.99302
Burundi,1955,UN,7.05419
Burundi,1960,UN,7.05002
Burundi,1965,UN,6.79701
Burundi,1970,UN,6.44548
Burundi,1975,UN,6.10838
Burundi,1980,UN,5.79594
Burundi,1985,UN,5.48175
Burundi,1990,UN,5.02031
Burundi,1995,UN,4.54624
Burundi,2000,UN,4.10580
Cameroon,1955,UN,6.27585
Cameroon,1960,UN,6.10785
Cameroon,1965,UN,5.92855
Cameroon,1970,UN,5.62462
Cameroon,1975,UN,5.36835
Cameroon,1980,UN,5.15178
Cameroon,1985,UN,4.83026
Cameroon,1990,UN,4.53106
Cameroon,1995,UN,4.23981
Cameroon,2000,UN,3.96420
Central African Republic,1955,UN,5.81534
Central African Republic,1960,UN,5.78615
Central African Republic,1965,UN,5.85645
Central African Republic,1970,UN,5.85192
Central African Republic,1975,UN,5.75237
Central African Republic,1980,UN,5.62459
Central African Republic,1985,UN,5.53268
Central African Republic,1990,UN,5.46884
Central African Republic,1995,UN,5.33864
Central African Republic,2000,UN,5.00426
Chad,1955,UN,6.78318
Chad,1960,UN,7.03873
Chad,1965,UN,7.32917
Chad,1970,UN,7.34634
Chad,1975,UN,6.98319
Chad,1980,UN,6.77558
Chad,1985,UN,6.53234
Chad,1990,UN,6.21136
Chad,1995,UN,5.87063
Chad,2000,UN,5.41956
Comoros,1955,UN,6.52762
Comoros,1960,UN,6.11286
Comoros,1965,UN,5.58527
Comoros,1970,UN,5.05185
Comoros,1975,UN,4.77974
Comoros,1980,UN,4.53987
Comoros,1985,UN,4.27759
Comoros,1990,UN,4.00892
Comoros,1995,UN,3.66623
Comoros,2000,UN,3.38459
Congo,1955,UN,5.52788
Congo,1960,UN,5.20297
Congo,1965,UN,4.93871
Congo,1970,UN,4.74019
Congo,1975,UN,4.60850
Congo,1980,UN,4.50636
Congo,1985,UN,4.37757
Congo,1990,UN,4.20861
Congo,1995,UN,3.97584
Congo,2000,UN,3.71559
Egypt,1955,UN,5.03725
Egypt,1960,UN,4.51820
Egypt,1965,UN,4.07817
Egypt,1970,UN,3.71816
Egypt,1975,UN,3.41089
Egypt,1980,UN,3.21589
Egypt,1985,UN,3.11362
Egypt,1990,UN,3.09292
Egypt,1995,UN,2.95509
Egypt,2000,UN,2.75589
Ethiopia,1955,UN,6.71676
Ethiopia,1960,UN,6.69122
Ethiopia,1965,UN,6.46624
Ethiopia,1970,UN,6.13987
Ethiopia,1975,UN,5.68983
Ethiopia,1980,UN,5.20900
Ethiopia,1985,UN,4.73240
Ethiopia,1990,UN,4.27741
Ethiopia,1995,UN,3.82437
Ethiopia,2000,UN,3.48086
Gabon,1955,UN,5.37268
Gabon,1960,UN,5.24195
Gabon,1965,UN,5.01203
Gabon,1970,UN,4.64937
Gabon,1975,UN,4.39126
Gabon,1980,UN,4.13125
Gabon,1985,UN,3.84405
Gabon,1990,UN,3.58483
Gabon,1995,UN,3.35437
Gabon,2000,UN,3.13898
Gambia,1955,UN,6.36913
Gambia,1960,UN,6.32677
Gambia,1965,UN,6.15002
Gambia,1970,UN,5.92799
Gambia,1975,UN,5.80544
Gambia,1980,UN,5.58435
Gambia,1985,UN,5.19927
Gambia,1990,UN,4.80381
Gambia,1995,UN,4.36046
Gambia,2000,UN,3.89458
Ghana,1955,UN,5.77609
Ghana,1960,UN,5.46510
Ghana,1965,UN,5.05865
Ghana,1970,UN,4.67617
Ghana,1975,UN,4.40464
Ghana,1980,UN,4.11741
Ghana,1985,UN,3.82979
Ghana,1990,UN,3.52734
Ghana,1995,UN,3.30048
Ghana,2000,UN,3.12169
Guinea,1955,UN,6.16210
Guinea,1960,UN,6.07692
Guinea,1965,UN,6.03100
Guinea,1970,UN,5.73024
Guinea,1975,UN,5.36685
Guinea,1980,UN,5.13117
Guinea,1985,UN,4.75713
Guinea,1990,UN,4.40087
Guinea,1995,UN,4.08186
Guinea,2000,UN,3.72251
Kenya,1955,UN,6.47437
Kenya,1960,UN,6.02651
Kenya,1965,UN,5.53256
Kenya,1970,UN,4.99458
Kenya,1975,UN,4.59395
Kenya,1980,UN,4.15600
Kenya,1985,UN,3.84000
Kenya,1990,UN,3.56389
Kenya,1995,UN,3.28488
Kenya,2000,UN,3.00663
Lesotho,1955,UN,4.97974
Lesotho,1960,UN,4.58799
Lesotho,1965,UN,4.13947
Lesotho,1970,UN,3.69117
Lesotho,1975,UN,3.39424
Lesotho,1980,UN,3.16386
Lesotho,1985,UN,3.05552
Lesotho,1990,UN,2.97509
Lesotho,1995,UN,2.82261
Lesotho,2000,UN,2.70979
Liberia,1955,UN,6.25994
Liberia,1960,UN,6.15408
Liberia,1965,UN,5.97331
Liberia,1970,UN,5.53474
Liberia,1975,UN,5.17857
Liberia,1980,UN,4.83039
Liberia,1985,UN,4.44094
Liberia,1990,UN,4.14188
Liberia,1995,UN,3.81736
Liberia,2000,UN,3.53138
Madagascar,1955,UN,6.38226
Madagascar,1960,UN,5.90820
Madagascar,1965,UN,5.50826
Madagascar,1970,UN,5.12521
Madagascar,1975,UN,4.85139
Madagascar,1980,UN,4.55357
Madagascar,1985,UN,4.22923
Madagascar,1990,UN,3.91229
Madagascar,1995,UN,3.63664
Madagascar,2000,UN,3.38665
Malawi,1955,UN,6.58569
Malawi,1960,UN,6.30628
Malawi,1965,UN,6.02004
Malawi,1970,UN,5.73460
Malawi,1975,UN,5.34902
Malawi,1980,UN,4.90915
Malawi,1985,UN,4.50392
Malawi,1990,UN,4.09170
Malawi,1995,UN,3.68863
Malawi,2000,UN,3.37922
Mali,1955,UN,7.06045
Mali,1960,UN,6.90830
Mali,1965,UN,6.79191
Mali,1970,UN,6.47274
Mali,1975,UN,6.32199
Mali,1980,UN,6.23085
Mali,1985,UN,6.07650
Mali,1990,UN,5.80806
Mali,1995,UN,5.51498
Mali,2000,UN,5.13429
Morocco,1955,UN,4.88540
Morocco,1960,UN,4.12323
Morocco,1965,UN,3.38709
Morocco,1970,UN,2.93816
Morocco,1975,UN,2.67202
Morocco,1980,UN,2.52036
Morocco,1985,UN,2.41310
Morocco,1990,UN,2.32066
Morocco,1995,UN,2.21240
Morocco,2000,UN,2.10941
Mozambique,1955,UN,6.03603
Mozambique,1960,UN,5.91828
Mozambique,1965,UN,5.57242
Mozambique,1970,UN,5.43856
Mozambique,1975,UN,5.30108
Mozambique,1980,UN,5.08069
Mozambique,1985,UN,4.87540
Mozambique,1990,UN,4.51230
Mozambique,1995,UN,4.21446
Mozambique,2000,UN,3.92189
Namibia,1955,UN,5.34699
Namibia,1960,UN,4.79763
Namibia,1965,UN,4.35573
Namibia,1970,UN,3.88362
Namibia,1975,UN,3.64023
Namibia,1980,UN,3.56083
Namibia,1985,UN,3.43317
Namibia,1990,UN,3.30011
Namibia,1995,UN,3.15695
Namibia,2000,UN,2.97218
Niger,1955,UN,7.28824
Niger,1960,UN,7.51074
Niger,1965,UN,7.58943
Niger,1970,UN,7.43084
Niger,1975,UN,7.16418
Niger,1980,UN,7.00581
Niger,1985,UN,6.79456
Niger,1990,UN,6.57079
Niger,1995,UN,6.21758
Niger,2000,UN,5.90102
Nigeria,1955,UN,6.35654
Nigeria,1960,UN,6.42270
Nigeria,1965,UN,6.22698
Nigeria,1970,UN,6.01915
Nigeria,1975,UN,5.79562
Nigeria,1980,UN,5.53270
Nigeria,1985,UN,5.32084
Nigeria,1990,UN,5.10217
Nigeria,1995,UN,4.80782
Nigeria,2000,UN,4.38674
Rwanda,1955,UN,7.04132
Rwanda,1960,UN,6.47693
Rwanda,1965,UN,5.95347
Rwanda,1970,UN,5.45217
Rwanda,1975,UN,5.05679
Rwanda,1980,UN,4.59869
Rwanda,1985,UN,4.15101
Rwanda,1990,UN,3.82118
Rwanda,1995,UN,3.53896
Rwanda,2000,UN,3.28296
Sao Tome and Principe,1955,UN,5.80655
Sao Tome and Principe,1960,UN,5.60560
Sao Tome and Principe,1965,UN,5.45042
Sao Tome and Principe,1970,UN,5.18415
Sao Tome and Principe,1975,UN,4.77036
Sao Tome and Principe,1980,UN,4.57786
Sao Tome and Principe,1985,UN,4.38786
Sao Tome and Principe,1990,UN,4.08294
Sao Tome and Principe,1995,UN,3.75954
Sao Tome and Principe,2000,UN,3.41519
Senegal,1955,UN,6.71061
Senegal,1960,UN,6.38962
Senegal,1965,UN,5.92248
Senegal,1970,UN,5.49736
Senegal,1975,UN,5.12500
Senegal,1980,UN,4.85391
Senegal,1985,UN,4.64506
Senegal,1990,UN,4.37901
Senegal,1995,UN,4.06965
Senegal,2000,UN,3.82092
Sierra Leone,1955,UN,6.68488
Sierra Leone,1960,UN,6.42171
Sierra Leone,1965,UN,6.14728
Sierra Leone,1970,UN,5.74514
Sierra Leone,1975,UN,5.27042
Sierra Leone,1980,UN,4.95361
Sierra Leone,1985,UN,4.57006
Sierra Leone,1990,UN,4.13448
Sierra Leone,1995,UN,3.72486
Sierra Leone,2000,UN,3.34059
South Africa,1955,UN,4.04388
South Africa,1960,UN,3.66910
South Africa,1965,UN,3.26328
South Africa,1970,UN,2.83201
South Africa,1975,UN,2.55201
South Africa,1980,UN,2.40561
South Africa,1985,UN,2.31952
South Africa,1990,UN,2.26271
South Africa,1995,UN,2.29332
South Africa,2000,UN,2.19367
Sudan,1955,UN,6.63121
Sudan,1960,UN,5.99780
Sudan,1965,UN,5.59799
Sudan,1970,UN,5.15766
Sudan,1975,UN,4.87015
Sudan,1980,UN,4.71853
Sudan,1985,UN,4.59067
Sudan,1990,UN,4.38498
Sudan,1995,UN,4.16083
Sudan,2000,UN,3.88889
Togo,1955,UN,6.05525
Togo,1960,UN,5.72998
Togo,1965,UN,5.46971
Togo,1970,UN,5.17045
Togo,1975,UN,4.81327
Togo,1980,UN,4.58044
Togo,1985,UN,4.40340
Togo,1990,UN,4.13882
Togo,1995,UN,3.91854
Togo,2000,UN,3.68070
Tunisia,1955,UN,4.33774
Tunisia,1960,UN,3.61627
Tunisia,1965,UN,3.01606
Tunisia,1970,UN,2.48426
Tunisia,1975,UN,2.30041
Tunisia,1980,UN,2.09904
Tunisia,1985,UN,2.05731
Tunisia,1990,UN,2.06568
Tunisia,1995,UN,2.01072
Tunisia,2000,UN,1.92774
Uganda,1955,UN,6.79181
Uganda,1960,UN,6.74784
Uganda,1965,UN,6.64463
Uganda,1970,UN,6.48446
Uganda,1975,UN,6.23035
Uganda,1980,UN,5.88168
Uganda,1985,UN,5.31651
Uganda,1990,UN,4.73236
Uganda,1995,UN,4.18323
Uganda,2000,UN,3.74005
Zambia,1955,UN,6.58911
Zambia,1960,UN,6.29363
Zambia,1965,UN,6.02664
Zambia,1970,UN,5.85446
Zambia,1975,UN,5.47299
Zambia,1980,UN,5.13103
Zambia,1985,UN,4.79876
Zambia,1990,UN,4.38375
Zambia,1995,UN,4.04351
Zambia,2000,UN,3.76193
Zimbabwe,1955,UN,5.57512
Zimbabwe,1960,UN,4.98707
Zimbabwe,1965,UN,4.33402
Zimbabwe,1970,UN,3.87426
Zimbabwe,1975,UN,3.75271
Zimbabwe,1980,UN,3.70614
Zimbabwe,1985,UN,3.68952
Zimbabwe,1990,UN,3.60918
Zimbabwe,1995,UN,3.43378
Zimbabwe,2000,UN,3.22320
Angola,1985,No Education,6.08390
Angola,1990,No Education,5.95689
Angola,1995,No Education,5.52190
Angola,2000,No Education,4.98559
Angola,1985,Secondary Education,4.36612
Angola,1990,Secondary Education,4.26273
Angola,1995,Secondary Education,3.90965
Angola,2000,Secondary Education,3.47892
Angola,1985,Higher Education,3.60655
Angola,1990,Higher Education,3.52062
Angola,1995,Higher Education,3.22724
Angola,2000,Higher Education,2.86955
Benin,1985,No Education,5.61351
Benin,1990,No Education,5.25968
Benin,1995,No Education,4.75490
Benin,2000,No Education,4.84732
Benin,1985,Secondary Education,3.60485
Benin,1990,Secondary Education,3.34711
Benin,1995,Secondary Education,2.98273
Benin,2000,Secondary Education,3.04850
Benin,1985,Higher Education,2.84381
Benin,1990,Higher Education,2.63926
Benin,1995,Higher Education,2.35020
Benin,2000,Higher Education,2.40233
Burkina Faso,1985,No Education,5.50819
Burkina Faso,1990,No Education,5.53154
Burkina Faso,1995,No Education,5.32796
Burkina Faso,2000,No Education,5.23116
Burkina Faso,1985,Secondary Education,3.65502
Burkina Faso,1990,Secondary Education,3.67259
Burkina Faso,1995,Secondary Education,3.51928
Burkina Faso,2000,Secondary Education,3.44674
Burkina Faso,1985,Higher Education,2.97074
Burkina Faso,1990,Higher Education,2.98511
Burkina Faso,1995,Higher Education,2.85974
Burkina Faso,2000,Higher Education,2.80045
Burundi,1985,No Education,5.72912
Burundi,1990,No Education,5.62521
Burundi,1995,No Education,4.79481
Burundi,2000,No Education,4.37951
Burundi,1985,Secondary Education,4.29073
Burundi,1990,Secondary Education,4.20246
Burundi,1995,Secondary Education,3.49876
Burundi,2000,Secondary Education,3.15502
Burundi,1985,Higher Education,3.38630
Burundi,1990,Higher Education,3.31621
Burundi,1995,Higher Education,2.75756
Burundi,2000,Higher Education,2.48500
Cameroon,1985,No Education,5.73872
Cameroon,1990,No Education,4.99468
Cameroon,1995,No Education,4.61638
Cameroon,2000,No Education,4.63962
Cameroon,1985,Secondary Education,4.16915
Cameroon,1990,Secondary Education,3.55600
Cameroon,1995,Secondary Education,3.25050
Cameroon,2000,Secondary Education,3.26905
Cameroon,1985,Higher Education,3.23519
Cameroon,1990,Higher Education,2.75652
Cameroon,1995,Higher Education,2.51827
Cameroon,2000,Higher Education,2.53273
Central African Republic,1985,No Education,5.79319
Central African Republic,1990,No Education,5.42883
Central African Republic,1995,No Education,5.60732
Central African Republic,2000,No Education,5.48032
Central African Republic,1985,Secondary Education,4.06851
Central African Republic,1990,Secondary Education,3.77826
Central African Republic,1995,Secondary Education,3.91916
Central African Republic,2000,Secondary Education,3.81847
Central African Republic,1985,Higher Education,2.92831
Central African Republic,1990,Higher Education,2.71814
Central African Republic,1995,Higher Education,2.82012
Central African Republic,2000,Higher Education,2.74723
Chad,1985,No Education,6.94053
Chad,1990,No Education,7.00841
Chad,1995,No Education,6.21818
Chad,2000,No Education,6.33487
Chad,1985,Secondary Education,4.92636
Chad,1990,Secondary Education,4.98101
Chad,1995,Secondary Education,4.34395
Chad,2000,Secondary Education,4.43641
Chad,1985,Higher Education,3.58004
Chad,1990,Higher Education,3.61999
Chad,1995,Higher Education,3.15420
Chad,2000,Higher Education,3.22175
Comoros,1985,No Education,5.48672
Comoros,1990,No Education,5.23182
Comoros,1995,No Education,4.37729
Comoros,2000,No Education,4.81056
Comoros,1985,Secondary Education,4.06620
Comoros,1990,Secondary Education,3.85192
Comoros,1995,Secondary Education,3.13827
Comoros,2000,Secondary Education,3.49063
Comoros,1985,Higher Education,3.36942
Comoros,1990,Higher Education,3.19079
Comoros,1995,Higher Education,2.59605
Comoros,2000,Higher Education,2.88929
Congo,1985,No Education,5.66281
Congo,1990,No Education,4.54973
Congo,1995,No Education,4.30974
Congo,2000,No Education,4.78389
Congo,1985,Secondary Education,3.75484
Congo,1990,Secondary Education,2.91765
Congo,1995,Secondary Education,2.74309
Congo,2000,Secondary Education,3.08540
Congo,1985,Higher Education,2.83506
Congo,1990,Higher Education,2.19912
Congo,1995,Higher Education,2.06675
Congo,2000,Higher Education,2.32623
Egypt,1985,No Education,3.96010
Egypt,1990,No Education,3.44111
Egypt,1995,No Education,2.97040
Egypt,2000,No Education,2.55307
Egypt,1985,Secondary Education,2.90624
Egypt,1990,Secondary Education,2.47421
Egypt,1995,Secondary Education,2.09031
Egypt,2000,Secondary Education,1.75718
Egypt,1985,Higher Education,2.28740
Egypt,1990,Higher Education,1.94530
Egypt,1995,Higher Education,1.64164
Egypt,2000,Higher Education,1.37843
Ethiopia,1985,No Education,4.55922
Ethiopia,1990,No Education,4.26000
Ethiopia,1995,No Education,3.99581
Ethiopia,2000,No Education,3.82520
Ethiopia,1985,Secondary Education,3.37481
Ethiopia,1990,Secondary Education,3.12357
Ethiopia,1995,Secondary Education,2.90384
Ethiopia,2000,Secondary Education,2.76320
Ethiopia,1985,Higher Education,2.48844
Ethiopia,1990,Higher Education,2.30207
Ethiopia,1995,Higher Education,2.13915
Ethiopia,2000,Higher Education,2.03492
Gabon,1985,No Education,5.42543
Gabon,1990,No Education,5.17140
Gabon,1995,No Education,3.83991
Gabon,2000,No Education,4.23476
Gabon,1985,Secondary Education,3.34019
Gabon,1990,Secondary Education,3.16278
Gabon,1995,Secondary Education,2.23908
Gabon,2000,Secondary Education,2.50025
Gabon,1985,Higher Education,3.00355
Gabon,1990,Higher Education,2.84306
Gabon,1995,Higher Education,2.00771
Gabon,2000,Higher Education,2.24331
Gambia,1985,No Education,5.81850
Gambia,1990,No Education,5.38024
Gambia,1995,No Education,5.07653
Gambia,2000,No Education,4.50348
Gambia,1985,Secondary Education,4.01748
Gambia,1990,Secondary Education,3.67423
Gambia,1995,Secondary Education,3.43897
Gambia,2000,Secondary Education,2.99863
Gambia,1985,Higher Education,3.30768
Gambia,1990,Higher Education,3.02337
Gambia,1995,Higher Education,2.82861
Gambia,2000,Higher Education,2.46423
Ghana,1985,No Education,4.96766
Ghana,1990,No Education,4.98336
Ghana,1995,No Education,4.92508
Ghana,2000,No Education,4.84369
Ghana,1985,Secondary Education,3.22501
Ghana,1990,Secondary Education,3.23657
Ghana,1995,Secondary Education,3.19363
Ghana,2000,Secondary Education,3.13377
Ghana,1985,Higher Education,2.77409
Ghana,1990,Higher Education,2.78410
Ghana,1995,Higher Education,2.74694
Ghana,2000,Higher Education,2.69514
Guinea,1985,No Education,5.13505
Guinea,1990,No Education,5.06592
Guinea,1995,No Education,4.70666
Guinea,2000,No Education,4.65682
Guinea,1985,Secondary Education,3.69332
Guinea,1990,Secondary Education,3.63692
Guinea,1995,Secondary Education,3.34436
Guinea,2000,Secondary Education,3.30419
Guinea,1985,Higher Education,2.91916
Guinea,1990,Higher Education,2.87431
Guinea,1995,Higher Education,2.64170
Guinea,2000,Higher Education,2.60977
Kenya,1985,No Education,5.36546
Kenya,1990,No Education,5.25726
Kenya,1995,No Education,5.17105
Kenya,2000,No Education,4.88404
Kenya,1985,Secondary Education,3.27606
Kenya,1990,Secondary Education,3.20112
Kenya,1995,Secondary Education,3.14158
Kenya,2000,Secondary Education,2.94379
Kenya,1985,Higher Education,2.80582
Kenya,1990,Higher Education,2.74125
Kenya,1995,Higher Education,2.68995
Kenya,2000,Higher Education,2.51957
Lesotho,1985,No Education,3.54252
Lesotho,1990,No Education,3.05634
Lesotho,1995,No Education,2.86385
Lesotho,2000,No Education,2.71247
Lesotho,1985,Secondary Education,2.60125
Lesotho,1990,Secondary Education,2.19630
Lesotho,1995,Secondary Education,2.03940
Lesotho,2000,Secondary Education,1.91711
Lesotho,1985,Higher Education,1.81331
Lesotho,1990,Higher Education,1.52932
Lesotho,1995,Higher Education,1.41940
Lesotho,2000,Higher Education,1.33378
Liberia,1985,No Education,4.46910
Liberia,1990,No Education,4.24534
Liberia,1995,No Education,4.35381
Liberia,2000,No Education,3.84418
Liberia,1985,Secondary Education,3.52360
Liberia,1990,Secondary Education,3.32348
Liberia,1995,Secondary Education,3.41980
Liberia,2000,Secondary Education,2.96574
Liberia,1985,Higher Education,2.68410
Liberia,1990,Higher Education,2.53074
Liberia,1995,Higher Education,2.60453
Liberia,2000,Higher Education,2.25662
Madagascar,1985,No Education,4.73776
Madagascar,1990,No Education,4.38737
Madagascar,1995,No Education,4.25307
Madagascar,2000,No Education,4.12020
Madagascar,1985,Secondary Education,3.14256
Madagascar,1990,Secondary Education,2.87893
Madagascar,1995,Secondary Education,2.77897
Madagascar,2000,Secondary Education,2.68049
Madagascar,1985,Higher Education,2.56364
Madagascar,1990,Higher Education,2.34727
Madagascar,1995,Higher Education,2.26528
Madagascar,2000,Higher Education,2.18452
Malawi,1985,No Education,5.23475
Malawi,1990,No Education,4.86507
Malawi,1995,No Education,4.58533
Malawi,2000,No Education,4.33682
Malawi,1985,Secondary Education,3.62174
Malawi,1990,Secondary Education,3.33161
Malawi,1995,Secondary Education,3.11431
Malawi,2000,Secondary Education,2.92286
Malawi,1985,Higher Education,2.91549
Malawi,1990,Higher Education,2.68053
Malawi,1995,Higher Education,2.50464
Malawi,2000,Higher Education,2.34974
Mali,1985,No Education,6.47840
Mali,1990,No Education,6.35140
Mali,1995,No Education,6.21109
Mali,2000,No Education,6.11243
Mali,1985,Secondary Education,4.48772
Mali,1990,Secondary Education,4.38793
Mali,1995,Secondary Education,4.27798
Mali,2000,Secondary Education,4.20089
Mali,1985,Higher Education,3.61377
Mali,1990,Higher Education,3.53293
Mali,1995,Higher Education,3.44387
Mali,2000,Higher Education,3.38144
Morocco,1985,No Education,2.47119
Morocco,1990,No Education,2.35009
Morocco,1995,No Education,1.94673
Morocco,2000,No Education,1.72070
Morocco,1985,Secondary Education,2.37086
Morocco,1990,Secondary Education,2.23908
Morocco,1995,Secondary Education,1.80316
Morocco,2000,Secondary Education,1.56567
Morocco,1985,Higher Education,2.21868
Morocco,1990,Higher Education,2.09461
Morocco,1995,Higher Education,1.68434
Morocco,2000,Higher Education,1.46116
Mozambique,1985,No Education,5.47145
Mozambique,1990,No Education,5.08014
Mozambique,1995,No Education,4.76716
Mozambique,2000,No Education,4.64956
Mozambique,1985,Secondary Education,3.32152
Mozambique,1990,Secondary Education,3.05206
Mozambique,1995,Secondary Education,2.83878
Mozambique,2000,Secondary Education,2.75934
Mozambique,1985,Higher Education,2.64630
Mozambique,1990,Higher Education,2.43032
Mozambique,1995,Higher Education,2.25945
Mozambique,2000,Higher Education,2.19584
Namibia,1985,No Education,4.71350
Namibia,1990,No Education,4.46882
Namibia,1995,No Education,4.66094
Namibia,2000,No Education,3.99299
Namibia,1985,Secondary Education,3.04440
Namibia,1990,Secondary Education,2.86513
Namibia,1995,Secondary Education,3.00486
Namibia,2000,Secondary Education,2.51640
Namibia,1985,Higher Education,2.49551
Namibia,1990,Higher Education,2.34768
Namibia,1995,Higher Education,2.46286
Namibia,2000,Higher Education,2.06009
Niger,1985,No Education,7.32867
Niger,1990,No Education,7.34352
Niger,1995,No Education,7.09490
Niger,2000,No Education,6.86238
Niger,1985,Secondary Education,4.33055
Niger,1990,Secondary Education,4.34051
Niger,1995,Secondary Education,4.17382
Niger,2000,Secondary Education,4.01866
Niger,1985,Higher Education,2.77378
Niger,1990,Higher Education,2.78019
Niger,1995,Higher Education,2.67278
Niger,2000,Higher Education,2.57282
Nigeria,1985,No Education,6.54107
Nigeria,1990,No Education,5.98505
Nigeria,1995,No Education,5.79761
Nigeria,2000,No Education,5.37826
Nigeria,1985,Secondary Education,4.47630
Nigeria,1990,Secondary Education,4.04469
Nigeria,1995,Secondary Education,3.90101
Nigeria,2000,Secondary Education,3.58094
Nigeria,1985,Higher Education,3.54286
Nigeria,1990,Higher Education,3.19919
Nigeria,1995,Higher Education,3.08485
Nigeria,2000,Higher Education,2.83022
Rwanda,1985,No Education,4.76156
Rwanda,1990,No Education,4.44121
Rwanda,1995,No Education,4.04556
Rwanda,2000,No Education,3.91199
Rwanda,1985,Secondary Education,3.00916
Rwanda,1990,Secondary Education,2.77952
Rwanda,1995,Secondary Education,2.49864
Rwanda,2000,Secondary Education,2.40507
Rwanda,1985,Higher Education,2.48260
Rwanda,1990,Higher Education,2.29199
Rwanda,1995,Higher Education,2.05898
Rwanda,2000,Higher Education,1.98141
Sao Tome and Principe,1985,No Education,4.34022
Sao Tome and Principe,1990,No Education,4.41948
Sao Tome and Principe,1995,No Education,3.30109
Sao Tome and Principe,2000,No Education,3.30497
Sao Tome and Principe,1985,Secondary Education,3.01765
Sao Tome and Principe,1990,Secondary Education,3.08017
Sao Tome and Principe,1995,Secondary Education,2.19601
Sao Tome and Principe,2000,Secondary Education,2.19893
Sao Tome and Principe,1985,Higher Education,2.32696
Sao Tome and Principe,1990,Higher Education,2.37545
Sao Tome and Principe,1995,Higher Education,1.68946
Sao Tome and Principe,2000,Higher Education,1.69172
Senegal,1985,No Education,5.29852
Senegal,1990,No Education,5.24756
Senegal,1995,No Education,5.01924
Senegal,2000,No Education,4.60379
Senegal,1985,Secondary Education,3.62894
Senegal,1990,Secondary Education,3.58935
Senegal,1995,Secondary Education,3.41220
Senegal,2000,Secondary Education,3.09183
Senegal,1985,Higher Education,2.93913
Senegal,1990,Higher Education,2.90688
Senegal,1995,Higher Education,2.76254
Senegal,2000,Higher Education,2.50160
Sierra Leone,1985,No Education,5.05744
Sierra Leone,1990,No Education,4.81649
Sierra Leone,1995,No Education,4.91322
Sierra Leone,2000,No Education,4.64126
Sierra Leone,1985,Secondary Education,3.33800
Sierra Leone,1990,Secondary Education,3.15760
Sierra Leone,1995,Secondary Education,3.22954
Sierra Leone,2000,Secondary Education,3.02676
Sierra Leone,1985,Higher Education,2.95093
Sierra Leone,1990,Higher Education,2.79049
Sierra Leone,1995,Higher Education,2.85445
Sierra Leone,2000,Higher Education,2.67414
South Africa,1985,No Education,3.57550
South Africa,1990,No Education,3.36502
South Africa,1995,No Education,3.17063
South Africa,2000,No Education,2.96943
South Africa,1985,Secondary Education,2.15740
South Africa,1990,Secondary Education,2.01334
South Africa,1995,Secondary Education,1.88141
South Africa,2000,Secondary Education,1.74599
South Africa,1985,Higher Education,1.93364
South Africa,1990,Higher Education,1.80373
South Africa,1995,Higher Education,1.68482
South Africa,2000,Higher Education,1.56282
Sudan,1985,No Education,5.31206
Sudan,1990,No Education,4.85880
Sudan,1995,No Education,4.42130
Sudan,2000,No Education,3.97710
Sudan,1985,Secondary Education,4.30358
Sudan,1990,Secondary Education,3.88705
Sudan,1995,Secondary Education,3.49004
Sudan,2000,Secondary Education,3.09230
Sudan,1985,Higher Education,3.88283
Sudan,1990,Higher Education,3.50475
Sudan,1995,Higher Education,3.14463
Sudan,2000,Higher Education,2.78408
Togo,1985,No Education,5.03835
Togo,1990,No Education,4.76250
Togo,1995,No Education,4.40456
Togo,2000,No Education,4.12140
Togo,1985,Secondary Education,3.65444
Togo,1990,Secondary Education,3.42749
Togo,1995,Secondary Education,3.13529
Togo,2000,Secondary Education,2.90665
Togo,1985,Higher Education,2.90588
Togo,1990,Higher Education,2.72433
Togo,1995,Higher Education,2.49066
Togo,2000,Higher Education,2.30794
Tunisia,1985,No Education,4.20484
Tunisia,1990,No Education,3.78504
Tunisia,1995,No Education,3.51506
Tunisia,2000,No Education,3.23157
Tunisia,1985,Secondary Education,1.66204
Tunisia,1990,Secondary Education,1.47382
Tunisia,1995,Secondary Education,1.35458
Tunisia,2000,Secondary Education,1.23066
Tunisia,1985,Higher Education,2.33635
Tunisia,1990,Higher Education,2.07017
Tunisia,1995,Higher Education,1.90166
Tunisia,2000,Higher Education,1.72664
Uganda,1985,No Education,6.80033
Uganda,1990,No Education,6.51645
Uganda,1995,No Education,6.21144
Uganda,2000,No Education,6.06075
Uganda,1985,Secondary Education,4.36986
Uganda,1990,Secondary Education,4.16294
Uganda,1995,Secondary Education,3.94191
Uganda,2000,Secondary Education,3.83344
Uganda,1985,Higher Education,3.52157
Uganda,1990,Higher Education,3.35381
Uganda,1995,Higher Education,3.17466
Uganda,2000,Higher Education,3.08677
Zambia,1985,No Education,6.48922
Zambia,1990,No Education,6.15636
Zambia,1995,No Education,5.76015
Zambia,2000,No Education,5.52216
Zambia,1985,Secondary Education,4.24077
Zambia,1990,Secondary Education,3.99403
Zambia,1995,Secondary Education,3.70246
Zambia,2000,Secondary Education,3.52894
Zambia,1985,Higher Education,3.31420
Zambia,1990,Higher Education,3.12020
Zambia,1995,Higher Education,2.89104
Zambia,2000,Higher Education,2.75473
Zimbabwe,1985,No Education,4.93982
Zimbabwe,1990,No Education,4.56249
Zimbabwe,1995,No Education,4.37071
Zimbabwe,2000,No Education,4.21063
Zimbabwe,1985,Secondary Education,3.47428
Zimbabwe,1990,Secondary Education,3.17324
Zimbabwe,1995,Secondary Education,3.02194
Zimbabwe,2000,Secondary Education,2.89640
Zimbabwe,1985,Higher Education,2.71551
Zimbabwe,1990,Higher Education,2.47880
Zimbabwe,1995,Higher Education,2.35990
Zimbabwe,2000,Higher Education,2.26126
Angola,1985,Diff_edu,5.86675
Angola,1990,Diff_edu,5.69177
Angola,1995,Diff_edu,5.07722
Angola,2000,Diff_edu,4.48517
Benin,1985,Diff_edu,5.21974
Benin,1990,Diff_edu,4.72694
Benin,1995,Diff_edu,4.11283
Benin,2000,Diff_edu,4.18710
Burkina Faso,1985,Diff_edu,5.20072
Burkina Faso,1990,Diff_edu,5.12449
Burkina Faso,1995,Diff_edu,4.82084
Burkina Faso,2000,Diff_edu,4.63616
Burundi,1985,Diff_edu,5.44884
Burundi,1990,Diff_edu,5.28210
Burundi,1995,Diff_edu,4.38167
Burundi,2000,Diff_edu,3.92980
Cameroon,1985,Diff_edu,4.90442
Cameroon,1990,Diff_edu,4.11081
Cameroon,1995,Diff_edu,3.66876
Cameroon,2000,Diff_edu,3.58561
Central African Republic,1985,Diff_edu,5.10098
Central African Republic,1990,Diff_edu,4.65132
Central African Republic,1995,Diff_edu,4.70185
Central African Republic,2000,Diff_edu,4.47918
Chad,1985,Diff_edu,6.79134
Chad,1990,Diff_edu,6.79319
Chad,1995,Diff_edu,5.89722
Chad,2000,Diff_edu,5.94461
Comoros,1985,Diff_edu,4.75188
Comoros,1990,Diff_edu,4.40283
Comoros,1995,Diff_edu,3.51197
Comoros,2000,Diff_edu,3.79412
Congo,1985,Diff_edu,4.46458
Congo,1990,Diff_edu,3.41497
Congo,1995,Diff_edu,3.12267
Congo,2000,Diff_edu,3.41133
Egypt,1985,Diff_edu,3.02960
Egypt,1990,Diff_edu,2.49784
Egypt,1995,Diff_edu,2.04533
Egypt,2000,Diff_edu,1.65464
Ethiopia,1985,Diff_edu,4.40660
Ethiopia,1990,Diff_edu,4.05364
Ethiopia,1995,Diff_edu,3.73444
Ethiopia,2000,Diff_edu,3.52201
Gabon,1985,Diff_edu,3.92970
Gabon,1990,Diff_edu,3.60592
Gabon,1995,Diff_edu,2.48787
Gabon,2000,Diff_edu,2.69096
Gambia,1985,Diff_edu,5.36955
Gambia,1990,Diff_edu,4.75846
Gambia,1995,Diff_edu,4.28434
Gambia,2000,Diff_edu,3.72327
Ghana,1985,Diff_edu,3.93675
Ghana,1990,Diff_edu,3.83830
Ghana,1995,Diff_edu,3.66691
Ghana,2000,Diff_edu,3.51584
Guinea,1985,Diff_edu,4.75180
Guinea,1990,Diff_edu,4.58612
Guinea,1995,Diff_edu,4.14625
Guinea,2000,Diff_edu,4.05705
Kenya,1985,Diff_edu,3.87791
Kenya,1990,Diff_edu,3.66379
Kenya,1995,Diff_edu,3.47237
Kenya,2000,Diff_edu,3.13961
Lesotho,1985,Diff_edu,3.01896
Lesotho,1990,Diff_edu,2.48913
Lesotho,1995,Diff_edu,2.27212
Lesotho,2000,Diff_edu,2.09662
Liberia,1985,Diff_edu,4.23516
Liberia,1990,Diff_edu,3.94336
Liberia,1995,Diff_edu,3.94703
Liberia,2000,Diff_edu,3.39734
Madagascar,1985,Diff_edu,4.21846
Madagascar,1990,Diff_edu,3.80403
Madagascar,1995,Diff_edu,3.60156
Madagascar,2000,Diff_edu,3.40289
Malawi,1985,Diff_edu,4.41566
Malawi,1990,Diff_edu,3.98161
Malawi,1995,Diff_edu,3.62983
Malawi,2000,Diff_edu,3.35528
Mali,1985,Diff_edu,6.25977
Mali,1990,Diff_edu,6.05165
Mali,1995,Diff_edu,5.82004
Mali,2000,Diff_edu,5.66642
Morocco,1985,Diff_edu,2.57995
Morocco,1990,Diff_edu,2.42436
Morocco,1995,Diff_edu,1.95166
Morocco,2000,Diff_edu,1.68109
Mozambique,1985,Diff_edu,4.95909
Mozambique,1990,Diff_edu,4.45926
Mozambique,1995,Diff_edu,4.06217
Mozambique,2000,Diff_edu,3.85703
Namibia,1985,Diff_edu,3.46965
Namibia,1990,Diff_edu,3.23178
Namibia,1995,Diff_edu,3.27466
Namibia,2000,Diff_edu,2.66131
Niger,1985,Diff_edu,6.89500
Niger,1990,Diff_edu,6.72031
Niger,1995,Diff_edu,6.24948
Niger,2000,Diff_edu,5.95209
Nigeria,1985,Diff_edu,5.54732
Nigeria,1990,Diff_edu,4.93830
Nigeria,1995,Diff_edu,4.58239
Nigeria,2000,Diff_edu,4.04674
Rwanda,1985,Diff_edu,3.94924
Rwanda,1990,Diff_edu,3.57834
Rwanda,1995,Diff_edu,3.13906
Rwanda,2000,Diff_edu,2.98996
Sao Tome and Principe,1985,Diff_edu,4.49383
Sao Tome and Principe,1990,Diff_edu,4.41178
Sao Tome and Principe,1995,Diff_edu,3.10550
Sao Tome and Principe,2000,Diff_edu,3.04141
Senegal,1985,Diff_edu,4.73403
Senegal,1990,Diff_edu,4.59011
Senegal,1995,Diff_edu,4.28039
Senegal,2000,Diff_edu,3.81541
Sierra Leone,1985,Diff_edu,4.69525
Sierra Leone,1990,Diff_edu,4.35659
Sierra Leone,1995,Diff_edu,4.33950
Sierra Leone,2000,Diff_edu,4.00595
South Africa,1985,Diff_edu,2.29606
South Africa,1990,Diff_edu,2.10782
South Africa,1995,Diff_edu,1.93778
South Africa,2000,Diff_edu,1.76864
Sudan,1985,Diff_edu,5.08964
Sudan,1990,Diff_edu,4.50263
Sudan,1995,Diff_edu,3.94783
Sudan,2000,Diff_edu,3.40717
Togo,1985,Diff_edu,4.58409
Togo,1990,Diff_edu,4.21677
Togo,1995,Diff_edu,3.76369
Togo,2000,Diff_edu,3.43055
Tunisia,1985,Diff_edu,2.37573
Tunisia,1990,Diff_edu,1.84477
Tunisia,1995,Diff_edu,1.70075
Tunisia,2000,Diff_edu,1.55850
Uganda,1985,Diff_edu,5.23830
Uganda,1990,Diff_edu,4.93687
Uganda,1995,Diff_edu,4.62249
Uganda,2000,Diff_edu,4.44124
Zambia,1985,Diff_edu,4.99318
Zambia,1990,Diff_edu,4.57218
Zambia,1995,Diff_edu,4.11338
Zambia,2000,Diff_edu,3.79565
Zimbabwe,1985,Diff_edu,3.72507
Zimbabwe,1990,Diff_edu,3.33322
Zimbabwe,1995,Diff_edu,3.10502
Zimbabwe,2000,Diff_edu,2.90780
Angola,1955,Diff_edu,6.94974
Angola,1960,Diff_edu,6.68038
Angola,1965,Diff_edu,6.50251
Angola,1970,Diff_edu,6.37197
Angola,1975,Diff_edu,6.27016
Angola,1980,Diff_edu,6.10897
Angola,1985,Diff_edu,5.86675
Benin,1955,Diff_edu,6.64041
Benin,1960,Diff_edu,6.27063
Benin,1965,Diff_edu,5.86279
Benin,1970,Diff_edu,5.54872
Benin,1975,Diff_edu,5.46172
Benin,1980,Diff_edu,5.36676
Benin,1985,Diff_edu,5.21974
Burkina Faso,1955,Diff_edu,6.89970
Burkina Faso,1960,Diff_edu,6.60327
Burkina Faso,1965,Diff_edu,6.41723
Burkina Faso,1970,Diff_edu,6.12553
Burkina Faso,1975,Diff_edu,5.82856
Burkina Faso,1980,Diff_edu,5.52262
Burkina Faso,1985,Diff_edu,5.20072
Burundi,1955,Diff_edu,7.06814
Burundi,1960,Diff_edu,7.04221
Burundi,1965,Diff_edu,6.79946
Burundi,1970,Diff_edu,6.54625
Burundi,1975,Diff_edu,6.16234
Burundi,1980,Diff_edu,5.75071
Burundi,1985,Diff_edu,5.47978
Cameroon,1955,Diff_edu,6.25983
Cameroon,1960,Diff_edu,6.07644
Cameroon,1965,Diff_edu,5.86854
Cameroon,1970,Diff_edu,5.57172
Cameroon,1975,Diff_edu,5.32969
Cameroon,1980,Diff_edu,5.22009
Cameroon,1985,Diff_edu,4.90442
Central African Republic,1955,Diff_edu,5.92881
Central African Republic,1960,Diff_edu,5.89378
Central African Republic,1965,Diff_edu,5.91701
Central African Republic,1970,Diff_edu,5.90717
Central African Republic,1975,Diff_edu,5.75736
Central African Republic,1980,Diff_edu,5.36049
Central African Republic,1985,Diff_edu,5.10098
Chad,1955,Diff_edu,6.79083
Chad,1960,Diff_edu,7.08362
Chad,1965,Diff_edu,7.39328
Chad,1970,Diff_edu,7.36985
Chad,1975,Diff_edu,6.99387
Chad,1980,Diff_edu,6.80851
Chad,1985,Diff_edu,6.79134
Comoros,1955,Diff_edu,6.60704
Comoros,1960,Diff_edu,6.16865
Comoros,1965,Diff_edu,5.54145
Comoros,1970,Diff_edu,5.03046
Comoros,1975,Diff_edu,4.81567
Comoros,1980,Diff_edu,4.57984
Comoros,1985,Diff_edu,4.75188
Congo,1955,Diff_edu,5.53468
Congo,1960,Diff_edu,5.25724
Congo,1965,Diff_edu,4.98683
Congo,1970,Diff_edu,4.74778
Congo,1975,Diff_edu,4.59737
Congo,1980,Diff_edu,4.52846
Congo,1985,Diff_edu,4.46458
Egypt,1955,Diff_edu,5.02621
Egypt,1960,Diff_edu,4.51948
Egypt,1965,Diff_edu,4.09270
Egypt,1970,Diff_edu,3.72158
Egypt,1975,Diff_edu,3.38261
Egypt,1980,Diff_edu,3.16284
Egypt,1985,Diff_edu,3.02960
Ethiopia,1955,Diff_edu,6.65338
Ethiopia,1960,Diff_edu,6.58654
Ethiopia,1965,Diff_edu,6.42306
Ethiopia,1970,Diff_edu,6.05327
Ethiopia,1975,Diff_edu,5.67778
Ethiopia,1980,Diff_edu,5.05797
Ethiopia,1985,Diff_edu,4.40660
Gabon,1955,Diff_edu,5.39459
Gabon,1960,Diff_edu,5.15985
Gabon,1965,Diff_edu,4.93199
Gabon,1970,Diff_edu,4.59278
Gabon,1975,Diff_edu,4.31045
Gabon,1980,Diff_edu,4.06336
Gabon,1985,Diff_edu,3.92970
Gambia,1955,Diff_edu,6.49570
Gambia,1960,Diff_edu,6.41315
Gambia,1965,Diff_edu,6.23405
Gambia,1970,Diff_edu,5.94605
Gambia,1975,Diff_edu,5.77231
Gambia,1980,Diff_edu,5.67536
Gambia,1985,Diff_edu,5.36955
Ghana,1955,Diff_edu,5.71407
Ghana,1960,Diff_edu,5.34074
Ghana,1965,Diff_edu,4.99872
Ghana,1970,Diff_edu,4.66400
Ghana,1975,Diff_edu,4.39809
Ghana,1980,Diff_edu,4.16948
Ghana,1985,Diff_edu,3.93675
Guinea,1955,Diff_edu,6.19458
Guinea,1960,Diff_edu,6.16475
Guinea,1965,Diff_edu,6.04698
Guinea,1970,Diff_edu,5.72507
Guinea,1975,Diff_edu,5.37384
Guinea,1980,Diff_edu,5.14459
Guinea,1985,Diff_edu,4.75180
Kenya,1955,Diff_edu,6.51180
Kenya,1960,Diff_edu,6.05149
Kenya,1965,Diff_edu,5.49447
Kenya,1970,Diff_edu,4.96846
Kenya,1975,Diff_edu,4.51508
Kenya,1980,Diff_edu,4.09638
Kenya,1985,Diff_edu,3.87791
Lesotho,1955,Diff_edu,4.93892
Lesotho,1960,Diff_edu,4.64201
Lesotho,1965,Diff_edu,4.16339
Lesotho,1970,Diff_edu,3.70051
Lesotho,1975,Diff_edu,3.45319
Lesotho,1980,Diff_edu,3.13277
Lesotho,1985,Diff_edu,3.01896
Liberia,1955,Diff_edu,6.35186
Liberia,1960,Diff_edu,6.18365
Liberia,1965,Diff_edu,5.97194
Liberia,1970,Diff_edu,5.57082
Liberia,1975,Diff_edu,5.19524
Liberia,1980,Diff_edu,4.87982
Liberia,1985,Diff_edu,4.23516
Madagascar,1955,Diff_edu,6.40738
Madagascar,1960,Diff_edu,5.86684
Madagascar,1965,Diff_edu,5.52959
Madagascar,1970,Diff_edu,5.07928
Madagascar,1975,Diff_edu,4.86376
Madagascar,1980,Diff_edu,4.59069
Madagascar,1985,Diff_edu,4.21846
Malawi,1955,Diff_edu,6.69369
Malawi,1960,Diff_edu,6.30955
Malawi,1965,Diff_edu,6.00396
Malawi,1970,Diff_edu,5.73300
Malawi,1975,Diff_edu,5.37845
Malawi,1980,Diff_edu,4.86927
Malawi,1985,Diff_edu,4.41566
Mali,1955,Diff_edu,7.13513
Mali,1960,Diff_edu,6.92644
Mali,1965,Diff_edu,6.74282
Mali,1970,Diff_edu,6.51249
Mali,1975,Diff_edu,6.32822
Mali,1980,Diff_edu,6.25389
Mali,1985,Diff_edu,6.25977
Morocco,1955,Diff_edu,4.83218
Morocco,1960,Diff_edu,4.08795
Morocco,1965,Diff_edu,3.39492
Morocco,1970,Diff_edu,2.98458
Morocco,1975,Diff_edu,2.77390
Morocco,1980,Diff_edu,2.67333
Morocco,1985,Diff_edu,2.57995
Mozambique,1955,Diff_edu,6.04419
Mozambique,1960,Diff_edu,5.93062
Mozambique,1965,Diff_edu,5.60838
Mozambique,1970,Diff_edu,5.49047
Mozambique,1975,Diff_edu,5.29704
Mozambique,1980,Diff_edu,5.12750
Mozambique,1985,Diff_edu,4.95909
Namibia,1955,Diff_edu,5.41775
Namibia,1960,Diff_edu,4.85149
Namibia,1965,Diff_edu,4.38519
Namibia,1970,Diff_edu,3.92865
Namibia,1975,Diff_edu,3.67771
Namibia,1980,Diff_edu,3.52320
Namibia,1985,Diff_edu,3.46965
Niger,1955,Diff_edu,7.37512
Niger,1960,Diff_edu,7.53790
Niger,1965,Diff_edu,7.57641
Niger,1970,Diff_edu,7.38265
Niger,1975,Diff_edu,7.16884
Niger,1980,Diff_edu,7.03652
Niger,1985,Diff_edu,6.89500
Nigeria,1955,Diff_edu,6.43641
Nigeria,1960,Diff_edu,6.51110
Nigeria,1965,Diff_edu,6.25221
Nigeria,1970,Diff_edu,6.03940
Nigeria,1975,Diff_edu,5.82487
Nigeria,1980,Diff_edu,5.61968
Nigeria,1985,Diff_edu,5.54732
Rwanda,1955,Diff_edu,7.05760
Rwanda,1960,Diff_edu,6.49064
Rwanda,1965,Diff_edu,5.97753
Rwanda,1970,Diff_edu,5.43605
Rwanda,1975,Diff_edu,5.11031
Rwanda,1980,Diff_edu,4.58255
Rwanda,1985,Diff_edu,3.94924
Sao Tome and Principe,1955,Diff_edu,6.85131
Sao Tome and Principe,1960,Diff_edu,6.29206
Sao Tome and Principe,1965,Diff_edu,6.02291
Sao Tome and Principe,1970,Diff_edu,5.59005
Sao Tome and Principe,1975,Diff_edu,5.01675
Sao Tome and Principe,1980,Diff_edu,4.65067
Sao Tome and Principe,1985,Diff_edu,4.49383
Senegal,1955,Diff_edu,6.74963
Senegal,1960,Diff_edu,6.31373
Senegal,1965,Diff_edu,5.90958
Senegal,1970,Diff_edu,5.48701
Senegal,1975,Diff_edu,5.12451
Senegal,1980,Diff_edu,4.87832
Senegal,1985,Diff_edu,4.73403
Sierra Leone,1955,Diff_edu,6.66150
Sierra Leone,1960,Diff_edu,6.43092
Sierra Leone,1965,Diff_edu,6.12980
Sierra Leone,1970,Diff_edu,5.75782
Sierra Leone,1975,Diff_edu,5.34056
Sierra Leone,1980,Diff_edu,4.99389
Sierra Leone,1985,Diff_edu,4.69525
South Africa,1955,Diff_edu,4.04055
South Africa,1960,Diff_edu,3.70308
South Africa,1965,Diff_edu,3.28677
South Africa,1970,Diff_edu,2.84564
South Africa,1975,Diff_edu,2.52569
South Africa,1980,Diff_edu,2.36498
South Africa,1985,Diff_edu,2.29606
Sudan,1955,Diff_edu,6.64609
Sudan,1960,Diff_edu,6.05668
Sudan,1965,Diff_edu,5.71666
Sudan,1970,Diff_edu,5.29452
Sudan,1975,Diff_edu,4.97526
Sudan,1980,Diff_edu,4.83789
Sudan,1985,Diff_edu,5.08964
Togo,1955,Diff_edu,6.10720
Togo,1960,Diff_edu,5.78168
Togo,1965,Diff_edu,5.48750
Togo,1970,Diff_edu,5.19468
Togo,1975,Diff_edu,4.84366
Togo,1980,Diff_edu,4.66228
Togo,1985,Diff_edu,4.58409
Tunisia,1955,Diff_edu,4.38670
Tunisia,1960,Diff_edu,3.66816
Tunisia,1965,Diff_edu,3.15891
Tunisia,1970,Diff_edu,2.62380
Tunisia,1975,Diff_edu,2.46530
Tunisia,1980,Diff_edu,2.26996
Tunisia,1985,Diff_edu,2.37573
Uganda,1955,Diff_edu,6.92836
Uganda,1960,Diff_edu,6.85717
Uganda,1965,Diff_edu,6.69856
Uganda,1970,Diff_edu,6.48354
Uganda,1975,Diff_edu,6.29565
Uganda,1980,Diff_edu,5.77253
Uganda,1985,Diff_edu,5.23830
Zambia,1955,Diff_edu,6.64835
Zambia,1960,Diff_edu,6.31890
Zambia,1965,Diff_edu,6.05327
Zambia,1970,Diff_edu,5.78675
Zambia,1975,Diff_edu,5.50537
Zambia,1980,Diff_edu,5.14096
Zambia,1985,Diff_edu,4.99318
Zimbabwe,1955,Diff_edu,5.59904
Zimbabwe,1960,Diff_edu,5.00406
Zimbabwe,1965,Diff_edu,4.33786
Zimbabwe,1970,Diff_edu,3.83240
Zimbabwe,1975,Diff_edu,3.67264
Zimbabwe,1980,Diff_edu,3.60545
Zimbabwe,1985,Diff_edu,3.72507
